<?xml version="1.0"?>
<doc>
    <assembly>
        <name>AlteredHierarchy(Objects)</name>
    </assembly>
    <members>
        <member name="T:IIS.AlteredHierarchy.Планета">
            <summary>
            Планета
            </summary>
        </member>
        <member name="T:IIS.AlteredHierarchy.Спутник">
            <summary>
            Спутник
            </summary>
        </member>
        <member name="P:IIS.AlteredHierarchy.Спутник.Планета">
            <summary>
            мастеровая ссылка на шапку IIS.AlteredHierarchy.Планета
            </summary>
        </member>
        <member name="T:IIS.AlteredHierarchy.DetailArrayOfСпутник">
            <summary>
            Detail array of Спутник
            </summary>
        </member>
        <member name="M:IIS.AlteredHierarchy.DetailArrayOfСпутник.#ctor(IIS.AlteredHierarchy.Планета)">
            <summary>
            Construct detail array
            </summary>
        </member>
        <member name="M:IIS.AlteredHierarchy.DetailArrayOfСпутник.Add(IIS.AlteredHierarchy.Спутник)">
            <summary>
            Adds object with type Спутник
            </summary>
        </member>
        <member name="P:IIS.AlteredHierarchy.DetailArrayOfСпутник.Item(System.Int32)">
            <summary>
            Returns object with type Спутник by index
            </summary>
        </member>
    </members>
</doc>
